id,stakeholder_type,comment_text,provision_reference,submission_date
1,Corporate Entity,"The proposed amendments to corporate governance frameworks are well-structured and provide much-needed clarity for compliance teams. We strongly support the implementation timeline and believe it will enhance transparency across the industry.",Section 12A,2024-03-01
2,Individual Lawyer,"I have serious concerns about the restrictive nature of the new licensing requirements. These changes could create significant barriers for solo practitioners and small law firms, potentially limiting access to legal services for underserved communities.",Section 45B,2024-03-02
3,CA Firm,"The new audit requirements are comprehensive and align with international standards. However, the proposed timeline for implementation seems aggressive. We recommend a phased approach over 18 months rather than the current 12-month deadline.",Section 23C,2024-03-03
4,Public Interest Group,"We welcome the increased transparency measures, but the disclosure requirements don't go far enough. The public deserves full transparency in all regulatory processes, especially those affecting consumer rights and environmental protection.",Section 18D,2024-03-04
5,Trade Association,"The licensing streamlining efforts are commendable and will reduce administrative burden on our members. The balance between efficiency and professional standards is well-maintained in these provisions.",Section 7A,2024-03-05
6,Individual Citizen,"As a taxpayer, I'm concerned that these regulations may reduce oversight and accountability. The government should prioritize public protection over industry convenience, especially in areas affecting public safety.",Section 12A,2024-03-06
7,Academic Institution,"The research exemptions are insufficient for legitimate academic research. Universities need broader scope to conduct studies that benefit society without excessive bureaucratic hurdles that stifle innovation.",Section 31E,2024-03-07
8,Small Business Owner,"These regulations will devastate small businesses. The compliance costs alone could force many of us to close. Please consider tiered requirements based on business size and revenue.",Section 23C,2024-03-08
9,Legal Aid Organization,"The proposed changes fail to address access to justice concerns. Low-income individuals will be disproportionately affected by increased fees and procedural requirements. We strongly urge reconsideration.",Section 45B,2024-03-09
10,Environmental Group,"We strongly support the environmental compliance measures. These provisions are essential for protecting our natural resources and should be strengthened with stricter penalties for violations.",Section 29F,2024-03-10
11,Fintech Company,"The cybersecurity requirements are comprehensive and necessary for protecting consumer data. Our company supports these measures and believes they will enhance overall security in the financial sector.",Section 41G,2024-03-11
12,Healthcare Provider,"The medical privacy provisions are overly restrictive and may hinder necessary medical research and patient care coordination. We need more flexibility for legitimate healthcare uses of patient data.",Section 19I,2024-03-12
13,Consumer Advocacy Group,"These amendments provide crucial consumer protections that have been lacking for too long. We fully support implementation of all provisions and urge against any weakening of these protections.",Section 33J,2024-03-13
14,Banking Institution,"The compliance requirements align well with international banking standards. The phased implementation approach is practical and allows adequate time for system upgrades and staff training.",Section 14K,2024-03-14
15,Tech Startup,"The data protection requirements strike a good balance between privacy protection and innovation. However, we're concerned about the compliance burden on emerging companies with limited resources.",Section 26L,2024-03-15
16,Labor Union,"The worker protection provisions are inadequate and lack enforcement mechanisms. Employees need stronger safeguards against retaliation and more robust protections for whistleblowers.",Section 38M,2024-03-16
17,Nonprofit Organization,"The charitable organization exemptions are helpful but the eligibility criteria are too narrow. Many legitimate nonprofits may be excluded unfairly from these important protections.",Section 44N,2024-03-17
18,Insurance Company,"The liability provisions create uncertainty in risk assessment and may increase litigation costs. We request more specific guidelines on coverage requirements and exclusions.",Section 17O,2024-03-18
19,Municipal Government,"Local governments need more flexibility in implementing these requirements. The one-size-fits-all approach doesn't account for varying municipal capacities and resource constraints.",Section 23C,2024-03-19
20,Professional Association,"The continuing education requirements are excessive and may create barriers for professionals in rural areas. We suggest reducing the annual requirement from 40 to 20 hours.",Section 51P,2024-03-20
21,Pharmaceutical Company,"The drug safety reporting requirements are comprehensive but the reporting timelines may be unrealistic for complex adverse event investigations. We request extension of reporting periods.",Section 19I,2024-03-21
22,Individual Doctor,"The telemedicine licensing requirements need simplification to enable cross-state medical practice during emergencies. Current restrictions could harm patient care in crisis situations.",Section 19I,2024-03-22
23,Renewable Energy Company,"The clean energy incentives are well-structured and will accelerate the transition to renewable energy. We support all provisions and recommend expanding the tax credit programs.",Section 46V,2024-03-23
24,Animal Welfare Organization,"The animal protection provisions are long overdue and should be implemented immediately. We've waited too long for these basic protections for laboratory and farm animals.",Section 20RR,2024-03-24
25,Construction Company,"The safety requirements are impractical and will significantly increase project costs without proportional safety benefits. We urge a more balanced approach that considers industry realities.",Section 48R,2024-03-25
26,Civil Rights Organization,"These amendments fail to address systemic discrimination issues. We need stronger anti-discrimination provisions and better enforcement mechanisms to ensure equal treatment.",General,2024-03-26
27,Credit Union,"The community banking provisions appropriately recognize the unique role of credit unions in serving underbanked communities. We support these tailored regulations.",Section 14K,2024-03-27
28,Individual Pharmacist,"The prescription drug safety provisions create operational challenges for independent pharmacies. We need more guidance on implementation and reasonable compliance timelines.",Section 19I,2024-03-28
29,Transportation Authority,"The vehicle safety requirements are technically sound but the implementation timeline needs adjustment. We recommend a 24-month phased rollout instead of immediate compliance.",Section 43X,2024-03-29
30,Public Health Department,"The disease surveillance requirements are comprehensive and necessary for protecting public health. We support all provisions and request additional funding for implementation.",Section 28Y,2024-03-30
31,Energy Cooperative,"The renewable energy provisions should include more support for community-owned energy projects. Rural cooperatives need special consideration in the incentive structure.",Section 46V,2024-03-31
32,Individual Teacher,"The education privacy provisions don't adequately protect student data while still allowing beneficial educational technology uses. We need clearer guidelines on data sharing.",Section 32CC,2024-04-01
33,Manufacturing Association,"The product safety standards are technically feasible and will enhance consumer protection. We support the phased implementation approach and timeline provided.",Section 25DD,2024-04-02
34,Child Advocacy Group,"The child protection provisions are crucial and should be implemented immediately without delay. Children's safety cannot wait for bureaucratic processes.",Section 30EE,2024-04-03
35,Tourism Industry,"The travel security requirements create unnecessary barriers to tourism while providing minimal actual security benefits. These measures need significant reconsideration.",Section 34FF,2024-04-04
36,Research Institution,"The data sharing requirements are overly restrictive and may hinder important scientific collaboration. We need more flexibility for legitimate research partnerships.",Section 31E,2024-04-05
37,Biotechnology Company,"The research regulations strike a reasonable balance between safety and innovation promotion. We support these evidence-based approaches to biotechnology oversight.",Section 31E,2024-04-06
38,Individual Veteran,"The veteran healthcare provisions don't adequately address mental health needs. We need expanded coverage for PTSD treatment and better access to specialized care.",Section 36AA,2024-04-07
39,Community Health Center,"The healthcare access provisions are positive but need adequate federal funding to be implemented effectively in underserved communities.",Section 19I,2024-04-08
40,Individual Landlord,"The tenant protection provisions may make it harder for small landlords to provide affordable housing. We need balanced approaches that protect both tenants and property owners.",Section 21BB,2024-04-09
41,Digital Rights Organization,"The internet freedom provisions need stronger protections against government surveillance and censorship. Current language is too vague and could enable overreach.",Section 26L,2024-04-10
42,Individual Tradesperson,"The licensing requirements may create barriers for skilled workers. We need recognition of experience-based competency, not just formal education requirements.",Section 7A,2024-04-11
43,Youth Organization,"The youth employment provisions need better protection against exploitation while still allowing beneficial work experience opportunities for young people.",Section 38M,2024-04-12
44,Food Safety Inspector,"The food safety standards are scientifically sound and necessary for public health protection. Implementation support and training programs would be very helpful.",Section 22KK,2024-04-13
45,Disability Services Provider,"The accessibility funding provisions are insufficient to meet the real costs of providing accessible services and facilities. We need increased federal support.",Section 39U,2024-04-14
46,Technology Association,"The artificial intelligence governance provisions are forward-thinking and necessary for responsible AI development and deployment across all sectors.",Section 41G,2024-04-15
47,Water Utility,"The water quality standards are technically challenging but necessary for public health. Adequate federal funding and technical support are essential for success.",Section 24LL,2024-04-16
48,Individual Parent,"I support the child online safety provisions but worry about practical implementation challenges. How will schools and parents coordinate these new requirements?",Section 30EE,2024-04-17
49,Logistics Company,"The supply chain transparency requirements will create compliance costs but may improve overall supply chain resilience. We need clear implementation guidelines.",Section 35S,2024-04-18
50,Student Organization,"The student data privacy provisions are important but shouldn't prevent beneficial educational technology uses that enhance learning outcomes.",Section 32CC,2024-04-19
51,Individual Retiree,"The pension protection provisions are essential for retiree security and should be strengthened, not weakened. Our retirement security depends on strong oversight.",Section 15MM,2024-04-20
52,Chemical Company,"The safety reporting requirements are comprehensive and we support the risk-based approach to chemical regulation. This aligns with industry best practices.",Section 29F,2024-04-21
53,Public Transit Authority,"The accessibility requirements are important but need adequate federal funding support for implementation across aging transit systems.",Section 43X,2024-04-22
54,Individual Entrepreneur,"The small business exemptions are helpful but the revenue thresholds may be too low for many small businesses to qualify for relief.",Section 23C,2024-04-23
55,Maritime Industry,"The vessel safety requirements are necessary but need more industry input on technical implementation details to ensure practical compliance.",Section 44NN,2024-04-24
56,Privacy Advocate,"The data collection limitations don't go far enough to protect individual privacy rights in our increasingly digital world. Stronger protections are needed.",Section 26L,2024-04-25
57,Mining Company,"The environmental restoration requirements are appropriate but we need clearer guidelines on acceptable restoration standards and compliance measures.",Section 29F,2024-04-26
58,Individual Contractor,"The worker classification provisions create legal uncertainty for independent contractors. Clearer definitions and safe harbors are needed.",Section 38M,2024-04-27
59,Airline Industry,"The passenger safety requirements are reasonable and align with international aviation safety standards. We support these evidence-based measures.",Section 34FF,2024-04-28
60,Library Association,"The information access provisions are crucial for maintaining public access to information and intellectual freedom in democratic society.",Section 37OO,2024-04-29
61,Individual Voter,"The election security provisions are necessary but must not create barriers to legitimate voting access, especially for elderly and disabled voters.",Section 11PP,2024-04-30
62,Cybersecurity Firm,"The incident reporting requirements are well-designed and will improve overall cybersecurity threat awareness across critical infrastructure sectors.",Section 41G,2024-05-01
63,Homeless Services Organization,"The housing assistance provisions are completely inadequate to address the scale of the homelessness crisis. We need bold action, not incremental changes.",Section 16QQ,2024-05-02
64,Gaming Industry,"The consumer protection measures need industry-specific expertise to be effective without stifling innovation in emerging gaming technologies.",Section 33J,2024-05-03
65,Immigrant Rights Organization,"The due process protections are minimal and need significant strengthening to protect immigrant rights and ensure fair legal proceedings.",Section 18TT,2024-05-04
66,Individual Social Worker,"The mandatory reporting requirements create potential conflicts with client confidentiality that need careful legal and ethical balancing.",Section 30EE,2024-05-05
67,Pharmaceutical Association,"The drug pricing transparency requirements may have unintended consequences on research and development funding for new medications.",Section 19I,2024-05-06
68,Individual Journalist,"The press freedom protections are important but need stronger whistleblower protections for sources who expose government and corporate wrongdoing.",Section 37OO,2024-05-07
69,Clean Energy Advocate,"The carbon reduction requirements should be more aggressive to meet international climate change mitigation goals and commitments.",Section 46V,2024-05-08
70,Individual Taxpayer,"The tax compliance simplification is welcome but doesn't go far enough to reduce the burden on ordinary taxpayers dealing with complex rules.",Section 8UU,2024-05-09
71,Emergency Services,"The disaster response coordination provisions are essential and should include more local government involvement in planning and implementation.",Section 28Y,2024-05-10
72,Individual Student,"The student loan protection provisions are helpful but don't address root causes of education affordability and rising college costs.",Section 9VV,2024-05-11
73,Individual Researcher,"The open access research requirements are important for scientific progress but need sustainable funding models to support implementation.",Section 31E,2024-05-12
74,Tribal Government,"The consultation requirements are a step forward but need more specific timelines and binding commitments from federal agencies.",Section 13SS,2024-05-13
75,Mental Health Advocate,"The mental health parity provisions are crucial but need much stronger enforcement mechanisms to be truly effective in practice.",Section 10WW,2024-05-14
76,Individual Mechanic,"The automotive safety standards are reasonable but need adequate training support and resources for service technicians in small shops.",Section 43X,2024-05-15
77,Cooperative Business,"The tax provisions don't adequately address the unique structure and needs of cooperative enterprises and member ownership models.",Section 8UU,2024-05-16
78,Individual Caregiver,"The family caregiver support provisions are inadequate and don't reflect the economic reality and challenges of providing unpaid care.",Section 12XX,2024-05-17
79,Community Health Worker,"The healthcare access provisions need better integration with community-based care models and support for frontline health workers.",Section 19I,2024-05-18
80,Individual Security Guard,"The private security regulations are necessary but need reasonable implementation timelines and training support for existing personnel.",Section 17O,2024-05-19
81,Renewable Energy Cooperative,"The community energy provisions should include more dedicated support and incentives for community-owned renewable energy projects.",Section 46V,2024-05-20
82,Individual Therapist,"The mental health licensing provisions need interstate practice recognition to support telehealth services and access in underserved areas.",Section 10WW,2024-05-21
83,Rural Development Organization,"The broadband provisions are essential but need dedicated funding streams and technical support for rural infrastructure development.",Section 47Z,2024-05-22
84,Individual Artist,"The creative work protections are important for protecting artists' rights but may be difficult for individual creators to navigate and enforce.",Section 50II,2024-05-23
85,Agricultural Cooperative,"The business provisions need expansion to properly address the unique structure and operational needs of agricultural cooperatives.",Section 42T,2024-05-24
86,Mental Health Organization,"The privacy provisions may create barriers to necessary mental health treatment and research that could benefit patients and society.",Section 19I,2024-05-25
87,Sports Organization,"The athlete safety requirements are necessary and overdue. We fully support strong protections for athletes at all competitive levels.",Section 45JJ,2024-05-26
88,Individual Engineer,"The professional licensing requirements are reasonable but the continuing education burden may be excessive for working professionals.",Section 7A,2024-05-27
89,Individual Farmer,"The agricultural reporting requirements are burdensome for family farms and need simplification or exemptions based on farm size.",Section 42T,2024-05-28
90,Waste Management Company,"The recycling standards are ambitious but achievable with proper industry support, incentives, and technical assistance programs.",Section 24LL,2024-05-29
91,Indigenous Rights Group,"The tribal sovereignty provisions are insufficient and don't adequately respect indigenous rights and self-determination principles.",Section 13SS,2024-05-30
92,Individual Nurse,"The healthcare worker protection provisions are necessary but need much stronger enforcement mechanisms and whistleblower protections.",Section 19I,2024-05-31
93,Individual Consultant,"The professional services regulations may create unnecessary barriers for independent consultants and need clearer guidance.",Section 7A,2024-06-01
94,Individual Homeowner,"The property rights protections are important but need clearer guidelines for local government actions affecting private property.",Section 21BB,2024-06-02
95,Public Interest Law Firm,"The legal aid funding provisions are insufficient to meet growing need for legal services among low-income populations nationwide.",Section 45B,2024-06-03
96,Individual Photographer,"The copyright protections are important for creative professionals but need simpler and more accessible enforcement mechanisms.",Section 50II,2024-06-04
97,Community Development Corporation,"The affordable housing provisions need more flexible financing options and support for community development projects.",Section 16QQ,2024-06-05
98,Individual Accountant,"The new reporting requirements are overwhelming and may be impossible to meet within proposed timeframes. Extensions are necessary.",Section 23C,2024-06-06
99,Farm Bureau,"The agricultural exemptions are insufficient. Farming operations have unique characteristics not adequately addressed in current draft.",Section 42T,2024-06-07
100,Disability Rights Group,"The accessibility requirements are a positive step but need significant strengthening to ensure true equal access for all.",Section 39U,2024-06-08
101,Healthcare Technology Company,"The health data provisions balance privacy and innovation well, but implementation guidance for emerging technologies is needed.",Section 19I,2024-06-09
102,Individual Police Officer,"The law enforcement provisions need clearer guidelines on data sharing and privacy protections while maintaining public safety capabilities.",Section 26L,2024-06-10
103,Retail Workers Union,"The worker protection measures don't go far enough to address wage theft, unsafe working conditions, and employer retaliation.",Section 38M,2024-06-11
104,Individual Real Estate Agent,"The property disclosure requirements are reasonable but implementation costs and liability concerns need to be addressed.",Section 21BB,2024-06-12
105,Food Service Association,"The food safety standards are necessary but small restaurants need technical assistance and reasonable compliance timelines.",Section 22KK,2024-06-13
106,Individual Postal Worker,"The workplace safety provisions are important but need stronger enforcement and better protection for workers who report violations.",Section 38M,2024-06-14
107,Telecommunications Union,"The broadband infrastructure requirements are necessary for national competitiveness but need adequate government funding support.",Section 47Z,2024-06-15
108,Individual Day Care Provider,"The child safety regulations are important but the paperwork burden may force small providers out of business.",Section 30EE,2024-06-16
109,Clean Air Coalition,"The environmental standards don't go nearly far enough to address air quality issues and climate change impacts.",Section 29F,2024-06-17
110,Individual Uber Driver,"The gig worker classification rules create uncertainty. We need clear guidance on benefits and employment status.",Section 38M,2024-06-18
111,Hospital Association,"The healthcare quality measures are comprehensive but need adequate reimbursement for compliance costs and system upgrades.",Section 19I,2024-06-19
112,Individual Fire Fighter,"The emergency response provisions are good but need better funding for equipment and training in smaller communities.",Section 28Y,2024-06-20
113,Aerospace Industry,"The safety certification requirements align with international standards and will enhance public confidence in aviation safety.",Section 34FF,2024-06-21
114,Individual Uber Eats Driver,"The worker classification provisions need to consider the flexibility that gig workers value while providing necessary protections.",Section 38M,2024-06-22
115,Medical Device Company,"The regulatory framework balances innovation and safety well, but approval timelines for life-saving devices need acceleration.",Section 19I,2024-06-23
116,Individual Grocery Store Owner,"The food safety requirements are reasonable but small businesses need technical assistance and reasonable implementation timelines.",Section 22KK,2024-06-24
117,Trucking Association,"The transportation safety requirements are necessary but driver training provisions need industry input for practical implementation.",Section 43X,2024-06-25
118,Individual Beautician,"The licensing requirements may create barriers for service providers. We need recognition of existing skills and experience.",Section 7A,2024-06-26
119,Solar Energy Company,"The renewable energy incentives are excellent and will accelerate clean energy adoption. We support all proposed measures.",Section 46V,2024-06-27
120,Individual Bus Driver,"The vehicle safety standards are important but need reasonable implementation timelines for older transit systems.",Section 43X,2024-06-28
121,Fishing Industry,"The environmental regulations need to balance conservation with the economic needs of fishing communities and families.",Section 29F,2024-06-29
122,Individual Barber,"The health and safety regulations are reasonable but small shops need technical assistance with compliance procedures.",Section 22KK,2024-06-30
123,Wind Energy Company,"The clean energy provisions are well-crafted and will help achieve carbon reduction goals while supporting job creation.",Section 46V,2024-07-01
124,Individual Taxi Driver,"The transportation regulations need to ensure fair competition between traditional taxis and ride-sharing services.",Section 43X,2024-07-02
125,Organic Farmers Association,"The agricultural standards support sustainable farming but need better technical assistance for transition periods.",Section 42T,2024-07-03
126,Individual Restaurant Owner,"The food safety requirements are necessary but implementation costs could be prohibitive for small family restaurants.",Section 22KK,2024-07-04
127,Electric Vehicle Company,"The infrastructure requirements are essential for EV adoption but need coordinated federal and state implementation.",Section 43X,2024-07-05
128,Individual Plumber,"The licensing requirements should recognize existing skills and experience, not just formal educational credentials.",Section 7A,2024-07-06
129,Dairy Farmers Cooperative,"The agricultural reporting requirements need simplification for cooperative business structures and small farm operations.",Section 42T,2024-07-07
130,Individual Electrician,"The safety standards are important but implementation training and support are needed for existing practitioners.",Section 7A,2024-07-08
131,Geothermal Energy Company,"The renewable energy incentives should include geothermal technologies which provide reliable baseload renewable power.",Section 46V,2024-07-09
132,Individual Carpenter,"The workplace safety regulations are necessary but need reasonable timelines for small contractors to comply.",Section 48R,2024-07-10
133,Seafood Processing Company,"The food safety standards are comprehensive but seasonal operations need flexible compliance schedules.",Section 22KK,2024-07-11
134,Individual HVAC Technician,"The environmental regulations affect our industry but we need clearer guidance on refrigerant handling requirements.",Section 29F,2024-07-12
135,Hydroelectric Company,"The clean energy provisions should better recognize the role of existing hydroelectric facilities in carbon reduction.",Section 46V,2024-07-13
136,Individual Welder,"The safety requirements are important but need practical training programs for working professionals to update skills.",Section 48R,2024-07-14
137,Poultry Farmers Association,"The agricultural standards need to consider the unique challenges and economics of poultry production operations.",Section 42T,2024-07-15
138,Individual Locksmith,"The licensing provisions should have reasonable grandfathering for experienced practitioners already serving communities.",Section 7A,2024-07-16
139,Biomass Energy Company,"The renewable energy definition should clearly include sustainable biomass as a qualifying clean energy source.",Section 46V,2024-07-17
140,Individual Roofer,"The construction safety requirements are necessary but need reasonable implementation timelines and training support.",Section 48R,2024-07-18
141,Cattle Ranchers Association,"The environmental regulations need to recognize sustainable ranching practices and their environmental benefits.",Section 29F,2024-07-19
142,Individual Auto Mechanic,"The automotive safety standards are reasonable but small shops need technical training and equipment support.",Section 43X,2024-07-20
143,Energy Storage Company,"The grid modernization provisions should include more support for battery storage technologies and infrastructure.",Section 46V,2024-07-21
144,Individual Painter,"The workplace safety regulations are important but need practical guidance for small contractors and solo operators.",Section 48R,2024-07-22
145,Grain Farmers Cooperative,"The agricultural policies should better support grain storage and transportation infrastructure in rural areas.",Section 42T,2024-07-23
146,Individual Mason,"The construction standards are necessary but need reasonable timelines for small contractors to implement new requirements.",Section 48R,2024-07-24
147,Smart Grid Technology Company,"The energy infrastructure provisions are forward-thinking and will enhance grid reliability and efficiency.",Section 46V,2024-07-25
148,Individual Landscaper,"The environmental regulations affect our operations but we need clearer guidance on pesticide and fertilizer use.",Section 29F,2024-07-26
149,Vegetable Farmers Association,"The agricultural standards support food safety but need reasonable compliance costs for small-scale operations.",Section 42T,2024-07-27
150,Individual Tile Installer,"The construction safety requirements are important but need practical training accessible to independent contractors.",Section 48R,2024-07-28
151,Microgrid Company,"The distributed energy provisions are excellent and will enhance community energy resilience and independence.",Section 46V,2024-07-29
152,Individual Flooring Contractor,"The workplace safety standards are necessary but small businesses need technical assistance with implementation.",Section 48R,2024-07-30
153,Fruit Growers Association,"The agricultural regulations should consider seasonal labor needs and the economics of perishable crop production.",Section 42T,2024-07-31
154,Individual Drywall Installer,"The construction standards are reasonable but need practical compliance guidance for small contractors.",Section 48R,2024-08-01
155,Battery Technology Company,"The energy storage provisions are well-crafted and will support the growth of renewable energy systems.",Section 46V,2024-08-02
156,Individual Concrete Worker,"The construction safety regulations are important but need reasonable implementation timelines and training.",Section 48R,2024-08-03
157,Organic Certification Agency,"The agricultural standards support organic farming but need streamlined certification processes for small farms.",Section 42T,2024-08-04
158,Individual Insulation Contractor,"The building efficiency standards are necessary but need technical assistance for proper implementation.",Section 48R,2024-08-05
159,Fuel Cell Company,"The clean energy provisions should better recognize fuel cell technologies as a clean energy solution.",Section 46V,2024-08-06
160,Individual Siding Contractor,"The construction requirements are reasonable but small contractors need support with new material specifications.",Section 48R,2024-08-07
161,Sustainable Agriculture Institute,"The agricultural policies should provide more support for research into climate-resilient farming practices.",Section 42T,2024-08-08
162,Individual Window Installer,"The building standards are important but need reasonable timelines for contractors to source compliant materials.",Section 48R,2024-08-09
163,Ocean Energy Company,"The renewable energy provisions should include wave and tidal energy technologies in incentive programs.",Section 46V,2024-08-10
164,Individual Fence Contractor,"The construction standards are necessary but need practical guidance for small specialty contractors.",Section 48R,2024-08-11
165,Farm Equipment Dealer,"The agricultural regulations should consider the impact on equipment dealers and service providers to farmers.",Section 42T,2024-08-12
166,Individual Gutter Installer,"The construction safety requirements are important but need reasonable compliance costs for small operators.",Section 48R,2024-08-13
167,Green Building Association,"The construction standards strongly support sustainable building practices and should be strengthened further.",Section 48R,2024-08-14
168,Individual Chimney Sweep,"The building safety regulations are necessary but need grandfathering provisions for experienced practitioners.",Section 48R,2024-08-15
169,Rural Electric Cooperative,"The energy provisions should better support rural electric cooperatives and their unique service territories.",Section 46V,2024-08-16
170,Individual Septic Installer,"The environmental regulations are important but need reasonable compliance procedures for small contractors.",Section 29F,2024-08-17
171,Sustainable Forestry Group,"The environmental standards should better recognize sustainable forestry practices and carbon sequestration benefits.",Section 29F,2024-08-18
172,Individual Well Driller,"The water quality regulations are necessary but need practical compliance guidance for small drilling operations.",Section 24LL,2024-08-19
173,Clean Technology Incubator,"The innovation provisions are excellent and will support development of next-generation clean technologies.",Section 46V,2024-08-20
174,Individual Excavation Contractor,"The construction safety standards are important but need reasonable timelines for equipment upgrades.",Section 48R,2024-08-21
175,Agricultural Research University,"The agricultural policies should include more funding for research into sustainable and productive farming methods.",Section 42T,2024-08-22
176,Individual Tree Service Provider,"The environmental regulations affect our work but need clearer guidance on tree removal and management.",Section 29F,2024-08-23
177,Community Solar Company,"The renewable energy provisions are excellent and will expand access to solar energy for all communities.",Section 46V,2024-08-24
178,Individual Demolition Contractor,"The construction safety requirements are necessary but need practical waste disposal guidance.",Section 48R,2024-08-25
179,Precision Agriculture Company,"The agricultural standards should better support technology adoption that improves efficiency and sustainability.",Section 42T,2024-08-26
180,Individual Asphalt Contractor,"The construction standards are reasonable but need reasonable timelines for material specification changes.",Section 48R,2024-08-27
181,Energy Efficiency Company,"The building efficiency provisions are excellent and will drive significant energy savings and job creation.",Section 46V,2024-08-28
182,Individual Swimming Pool Contractor,"The construction safety regulations are important but need practical guidance for specialized contractors.",Section 48R,2024-08-29
183,Urban Farming Initiative,"The agricultural regulations should better support urban farming and local food production systems.",Section 42T,2024-08-30
184,Individual Stucco Contractor,"The construction standards are necessary but small contractors need technical assistance with new requirements.",Section 48R,2024-08-31
185,Renewable Energy Finance Company,"The clean energy financing provisions are well-structured and will accelerate private investment in renewables.",Section 46V,2024-09-01
186,Individual Masonry Contractor,"The construction safety requirements are important but need reasonable implementation costs for small businesses.",Section 48R,2024-09-02
187,Soil Conservation District,"The agricultural standards should better recognize soil health practices and their environmental benefits.",Section 42T,2024-09-03
188,Individual Sandblasting Contractor,"The workplace safety regulations are necessary but need practical dust control guidance for small operations.",Section 48R,2024-09-04
189,Carbon Offset Company,"The environmental provisions should include more support for voluntary carbon offset and sequestration projects.",Section 29F,2024-09-05
190,Individual Waterproofing Contractor,"The building standards are important but need reasonable timelines for product certification and approval.",Section 48R,2024-09-06
191,Regenerative Agriculture Group,"The agricultural policies should provide more incentives for practices that restore soil health and sequester carbon.",Section 42T,2024-09-07
192,Individual Fire Sprinkler Installer,"The building safety requirements are necessary but need streamlined permitting for fire protection systems.",Section 48R,2024-09-08
193,Clean Energy Investment Fund,"The renewable energy provisions are excellent and will attract significant private capital to clean energy projects.",Section 46V,2024-09-09
194,Individual Alarm System Installer,"The security regulations are reasonable but need clearer guidance on privacy protections and data handling.",Section 17O,2024-09-10
195,Agricultural Extension Service,"The agricultural standards should include more support for farmer education and technical assistance programs.",Section 42T,2024-09-11
196,Individual Garage Door Installer,"The construction safety requirements are important but need reasonable compliance procedures for small contractors.",Section 48R,2024-09-12
197,Environmental Justice Coalition,"The environmental provisions should better address cumulative impacts on disadvantaged communities.",Section 29F,2024-09-13
198,Individual Appliance Repair Technician,"The safety standards are necessary but need reasonable training requirements for existing service providers.",Section 43X,2024-09-14
199,Sustainable Business Network,"The environmental and economic provisions strike an excellent balance between sustainability and economic growth.",Section 29F,2024-09-15
200,Individual Home Inspector,"The building standards are comprehensive and will improve construction quality, but need reasonable implementation timelines for the inspection industry.",Section 48R,2024-09-16
